{
 "n": 195,
 "days": 1610,
 "hit": 0.9846153846153847,
 "avg_model": 0.9729268610132086,
 "avg_price": 0.9519769230769232,
 "flat": 1.087150930421656,
 "compounded": 2.5335196189227958,
 "maxdd": 0.028424999999999923,
 "n_stopped": 6,
 "res_mismatch": 0,
 "by_city": {
  "SBGR": [
   12,
   12,
   0.023754376790630867
  ],
  "SAEZ": [
   8,
   8,
   0.09834929017629578
  ],
  "UUWW": [
   19,
   19,
   0.3611268961512431
  ],
  "CYYZ": [
   12,
   11,
   0.0011266286471294166
  ],
  "MMMX": [
   7,
   6,
   0.00015406084476434075
  ],
  "EGLC": [
   19,
   19,
   0.0479095129217771
  ],
  "EHAM": [
   23,
   23,
   0.022203578752215705
  ],
  "EPWA": [
   9,
   8,
   0.04735313115653037
  ],
  "LTFM": [
   29,
   29,
   0.10107885968806045
  ],
  "RKSI": [
   8,
   8,
   0.04639044076973562
  ],
  "RJTT": [
   14,
   14,
   0.12944131615200272
  ],
  "ZBAA": [
   8,
   8,
   0.02896133565011405
  ],
  "ZSPD": [
   8,
   8,
   0.058085585765175037
  ],
  "WSSS": [
   4,
   4,
   0.07741719247522236
  ],
  "NZWN": [
   9,
   9,
   0.03612824745940195
  ],
  "LEMD": [
   3,
   3,
   0.00442641974059972
  ],
  "LTAC": [
   3,
   3,
   0.0032440572807572953
  ]
 },
 "by_side": {
  "NAO": [
   195,
   192,
   1.0871509304216558
  ]
 },
 "generated_at": "2026-07-13T19:09:56+00:00"
}