{
 "n": 43,
 "days": 1610,
 "hit": 0.9302325581395349,
 "avg_model": 0.9874366715696952,
 "avg_price": 0.8224302325581395,
 "flat": 0.9452393026621347,
 "compounded": 2.2982784173062982,
 "maxdd": 0.015000000000000124,
 "n_stopped": 4,
 "res_mismatch": 42,
 "by_city": {
  "SBGR": [
   2,
   2,
   0.013021778584391998
  ],
  "SAEZ": [
   4,
   4,
   0.09552888816451663
  ],
  "UUWW": [
   5,
   5,
   0.34538516151934684
  ],
  "CYYZ": [
   1,
   0,
   -0.015
  ],
  "MMMX": [
   2,
   1,
   -0.007415277030661634
  ],
  "EGLC": [
   4,
   4,
   0.03205713797646388
  ],
  "EHAM": [
   5,
   5,
   0.017459875404715892
  ],
  "EPWA": [
   2,
   1,
   0.040038759689922473
  ],
  "LTFM": [
   2,
   2,
   0.06998597475455821
  ],
  "RKSI": [
   2,
   2,
   0.04118168176312127
  ],
  "RJTT": [
   5,
   5,
   0.11641486883356797
  ],
  "ZBAA": [
   2,
   2,
   0.02137283006848223
  ],
  "ZSPD": [
   2,
   2,
   0.052368380183258276
  ],
  "WSSS": [
   2,
   2,
   0.07498384322006901
  ],
  "NZWN": [
   3,
   3,
   0.0478553995303817
  ]
 },
 "by_side": {
  "NAO": [
   43,
   40,
   0.9452393026621345
  ]
 },
 "generated_at": "2026-07-13T19:09:56+00:00"
}