{
 "n": 386,
 "days": 1610,
 "hit": 0.9922279792746114,
 "avg_model": 0.9740740921105393,
 "avg_price": 0.9872279792746114,
 "flat": 0.33440724844307834,
 "compounded": 1.3032707826901793,
 "maxdd": 0.058675069819756565,
 "n_stopped": 10,
 "res_mismatch": 0,
 "by_city": {
  "SBGR": [
   40,
   40,
   0.04785353114158945
  ],
  "SAEZ": [
   19,
   18,
   0.01058754845751188
  ],
  "UUWW": [
   28,
   28,
   -0.011525658219986953
  ],
  "CYYZ": [
   15,
   15,
   0.022793068046767086
  ],
  "MMMX": [
   20,
   20,
   0.030085294727780983
  ],
  "EGLC": [
   23,
   23,
   0.030532574921559235
  ],
  "LEMD": [
   3,
   3,
   0.004783346984550319
  ],
  "EHAM": [
   35,
   34,
   0.006634330838218391
  ],
  "EPWA": [
   9,
   9,
   0.011224594205853025
  ],
  "LTFM": [
   46,
   46,
   0.0583239325758
  ],
  "LTAC": [
   8,
   8,
   0.012282397565104386
  ],
  "RKSI": [
   25,
   24,
   0.010964820228332776
  ],
  "RJTT": [
   39,
   39,
   0.05261720200709642
  ],
  "ZBAA": [
   14,
   14,
   0.02281446516846162
  ],
  "ZSPD": [
   20,
   20,
   0.008613357271201397
  ],
  "WSSS": [
   19,
   19,
   0.023784460856403893
  ],
  "NZWN": [
   23,
   23,
   -0.007962018333165604
  ]
 },
 "by_side": {
  "NAO": [
   386,
   383,
   0.33440724844307834
  ]
 },
 "generated_at": "2026-07-13T19:09:56+00:00"
}