{
 "n": 152,
 "days": 1610,
 "hit": 1.0,
 "avg_model": 0.9688221119742025,
 "avg_price": 0.9886250000000001,
 "flat": 0.14191162775952115,
 "compounded": 1.1369267071807345,
 "maxdd": 0.015000000000000013,
 "n_stopped": 2,
 "res_mismatch": 0,
 "by_city": {
  "SBGR": [
   10,
   10,
   0.010732598206238866
  ],
  "SAEZ": [
   4,
   4,
   0.0028204020117791554
  ],
  "UUWW": [
   14,
   14,
   0.0157417346318963
  ],
  "CYYZ": [
   11,
   11,
   0.016126628647129417
  ],
  "MMMX": [
   5,
   5,
   0.007569337875425975
  ],
  "EGLC": [
   15,
   15,
   0.01585237494531322
  ],
  "LEMD": [
   3,
   3,
   0.00442641974059972
  ],
  "EHAM": [
   18,
   18,
   0.004743703347499822
  ],
  "EPWA": [
   7,
   7,
   0.007314371466607895
  ],
  "LTFM": [
   27,
   27,
   0.031092884933502252
  ],
  "LTAC": [
   3,
   3,
   0.0032440572807572953
  ],
  "RKSI": [
   6,
   6,
   0.00520875900661435
  ],
  "RJTT": [
   9,
   9,
   0.013026447318434721
  ],
  "ZBAA": [
   6,
   6,
   0.007588505581631822
  ],
  "ZSPD": [
   6,
   6,
   0.005717205581916752
  ],
  "WSSS": [
   2,
   2,
   0.00243334925515335
  ],
  "NZWN": [
   6,
   6,
   -0.01172715207097975
  ]
 },
 "by_side": {
  "NAO": [
   152,
   152,
   0.14191162775952113
  ]
 },
 "generated_at": "2026-07-13T19:09:56+00:00"
}