{
 "n": 605,
 "days": 1610,
 "hit": 0.9933884297520661,
 "avg_model": 0.9716337811126997,
 "avg_price": 0.9857570247933884,
 "flat": 0.610291547347061,
 "compounded": 1.532243549788371,
 "maxdd": 0.06205548829455021,
 "n_stopped": 16,
 "res_mismatch": 0,
 "by_city": {
  "SBGR": [
   60,
   60,
   0.0876081074171487
  ],
  "SAEZ": [
   31,
   30,
   0.014890411306392227
  ],
  "UUWW": [
   40,
   40,
   0.007860576149076932
  ],
  "CYYZ": [
   23,
   23,
   0.03644209406817869
  ],
  "MMMX": [
   25,
   25,
   0.03604681862018956
  ],
  "EGLC": [
   35,
   35,
   0.050973445419748756
  ],
  "LFPB": [
   1,
   1,
   0.002197240674501777
  ],
  "LEMD": [
   4,
   4,
   0.006161791091273062
  ],
  "EHAM": [
   42,
   41,
   0.023775853229070245
  ],
  "EPWA": [
   10,
   10,
   0.01465540879004579
  ],
  "LTFM": [
   59,
   59,
   0.08073696391349214
  ],
  "LTAC": [
   9,
   9,
   -0.0006426493868383417
  ],
  "RKSI": [
   45,
   44,
   0.04564009782464097
  ],
  "RJTT": [
   64,
   63,
   0.06285292038014328
  ],
  "ZBAA": [
   21,
   21,
   0.034895706187009407
  ],
  "ZSPD": [
   52,
   52,
   0.05827056156505785
  ],
  "WSSS": [
   35,
   35,
   0.029692499053191768
  ],
  "NZWN": [
   49,
   49,
   0.01823370104473818
  ]
 },
 "by_side": {
  "NAO": [
   605,
   601,
   0.6102915473470606
  ]
 },
 "generated_at": "2026-07-13T19:09:56+00:00"
}